{"3":{"name":"PlanetGame-5Jam","value":"<!DOCTYPE html>\n<html>\n<head>\n    <title>teset<\/title>\n<\/head>\n<body>\n\n<style>\n\n.rotate {\n\n\/* Safari *\/\n-webkit-transform: rotate(90deg);\n\n\/* Firefox *\/\n-moz-transform: rotate(90deg);\n\n\/* IE *\/\n-ms-transform: rotate(90deg);\n\n\/* Opera *\/\n-o-transform: rotate(90deg);\n\nfloat: left;\n\n}\n<\/style>\n\n\n<table style=\"display: inline-block; border: 1px solid #ccc; font-family: arial; font-size: 10.5px; margin: 2px;\">\n    <tbody>\n        <tr style=\"border-bottom:1px solid #ccc;background:#ddd;\">\n            <td style=\"text-align: center; background: #604caf\" colspan=\"2\">\n                <span style=\"padding:10px;font-size:15px;color: whitesmoke\"><b>** Planet Game Hotspot **<\/b><\/span>\n            <\/td>\n        <\/tr>\n        <tr>\n            <td>\n                <table style=\"background-color: #604caf;\">\n                    <tr>\n                        <td>\n                            %qrcode%\n                        <\/td>\n                    <\/tr>\n                <\/table>\n            <\/td>\n            <td>\n                <table style=\"background-color: #604caf;\">\n                    <tr style=\"background: white\">\n                        <td style=\"text-align: left;\">\n                            <span style=\"padding:5px; font-size: 11px\">\n                                <b>Voucher<\/b>\n                            <\/span>\n                        <\/td>\n                        <td style=\"text-align: right;\">\n                            <span style=\"padding:5px; font-size: 11px\">\n                                %validity%\n                            <\/span>\n                        <\/td>\n                    <\/tr>\n                    <tr style=\"background: white\">\n                         <td style=\"text-align: left;\">\n                            <span style=\"padding:5px; font-size: 11px\">\n                                <b>Expire<\/b>\n                            <\/span>\n                         <\/td>\n                         <td style=\"text-align: right;\">\n                            <span style=\"padding:5px; font-size: 11px\">\n                                6 Jam\n                            <\/span>\n                         <\/td>\n                    <\/tr>\n                    <tr style=\"background: white\">\n                         <td style=\"text-align: center;\" colspan=\"2\">\n                            <span style=\"padding:5px; font-size: 11px\">\n                                http:\/\/18.18.18.1\/login\n                            <\/span>\n                         <\/td>\n                    <\/tr>\n                    <tr>\n                        <td colspan=\"2\" style=\"background-color: white\">\n                            <table style=\"background-color: #604caf; width: 100%; border:none;\">\n                                <tr>\n                                    <td colspan=\"2\" style=\"text-align: center;\">\n                                        <span style=\"padding:5px; font-size: 11px\">\n                                            <b>Kode Voucher<\/b>\n                                        <\/span>\n                                    <\/td>\n                                    <!--<td style=\"text-align: center;\">\n                                        <span style=\"padding:5px; font-size: 11px\">\n                                            <b>Password<\/b>\n                                        <\/span>\n                                    <\/td>-->\n                                <\/tr>\n                                <tr style=\"background: white\">\n                                    <td style=\"text-align: center;\">\n                                        <span style=\"padding:5px; color: red;\">\n                                            %username%\n                                        <\/span>\n                                    <\/td>\n                                    <!--<td style=\"text-align: center;\">\n                                        <span style=\"padding:5px; color: red;\">\n                                            %password%\n                                        <\/span>\n                                    <\/td>-->\n                                <\/tr>\n                            <\/table>\n                        <\/td>\n                    <\/tr>\n                <\/table>\n            <\/td>\n            <!-- <td rowspan=\"3\" style=\"border-bottom:1px solid #ccc;background:#eee;\">\n                <span style=\"color:aliceblue;\" class=\"rotate\"><b>5000<\/b><\/span>\n            <\/td> -->\n        <\/tr>\n        <!-- <tr>\n            <td style=\"text-align: center\" colspan=\"2\">\n                <span style=\"padding:5px;font-size:9px;\">\n                    Ket: w=minggu, d=hari, h=jam, m=menit, s=detik\n                <\/span>\n            <\/td> -->\n        <tr style=\"border-bottom:1px solid #ccc;background:#604caf;\">\n            <td style=\"text-align: center\" colspan=\"2\">\n                <span style=\"color:aliceblue;\">\n                    \n                    Info Hub. <span style=\"color:aliceblue\">0852 9924 6363<\/span>\n                        <br>\n                        <hr style=\"margin-top: 0px; margin-bottom: 0px;border-bottom-width: 0px; border-top-width: 1px\">\n                        <span style=\"color:aliceblue; font-size: xx-small;-small;\">Support by <span style=\"color:aliceblue\">facebook.com\/r4hs4l (085398633968)<\/span>\n                    <\/span>\n                <\/span>\n            <\/td>\n        <\/tr>\n    <\/tbody>\n<\/table>\n\n\n\n\n<\/body>\n<\/html>"},"4":{"name":"PlanetGame-12Jam","value":"<!DOCTYPE html>\n<html>\n<head>\n    <title>teset<\/title>\n<\/head>\n<body>\n\n<style>\n\n.rotate {\n\n\/* Safari *\/\n-webkit-transform: rotate(90deg);\n\n\/* Firefox *\/\n-moz-transform: rotate(90deg);\n\n\/* IE *\/\n-ms-transform: rotate(90deg);\n\n\/* Opera *\/\n-o-transform: rotate(90deg);\n\nfloat: left;\n\n}\n<\/style>\n\n\n<table style=\"display: inline-block; border: 1px solid #ccc; font-family: arial; font-size: 10.5px; margin: 2px;\">\n    <tbody>\n        <tr style=\"border-bottom:1px solid #ccc;background:#ddd;\">\n            <td style=\"text-align: center; background: darkmagenta\" colspan=\"2\">\n                <span style=\"padding:10px;font-size:15px;color: whitesmoke\"><b>** Planet Game Hotspot **<\/b><\/span>\n            <\/td>\n        <\/tr>\n        <tr>\n            <td>\n                <table style=\"background-color: darkmagenta;\">\n                    <tr>\n                        <td>\n                            %qrcode%\n                        <\/td>\n                    <\/tr>\n                <\/table>\n            <\/td>\n            <td>\n                <table style=\"background-color: darkmagenta;\">\n                    <tr style=\"background: white\">\n                        <td style=\"text-align: left;\">\n                            <span style=\"padding:5px; font-size: 11px\">\n                                <b>Voucher<\/b>\n                            <\/span>\n                        <\/td>\n                        <td style=\"text-align: right;\">\n                            <span style=\"padding:5px; font-size: 11px\">\n                                %validity%\n                            <\/span>\n                        <\/td>\n                    <\/tr>\n                    <tr style=\"background: white\">\n                         <td style=\"text-align: left;\">\n                            <span style=\"padding:5px; font-size: 11px\">\n                                <b>Expire<\/b>\n                            <\/span>\n                         <\/td>\n                         <td style=\"text-align: right;\">\n                            <span style=\"padding:5px; font-size: 11px\">\n                                15 Jam\n                            <\/span>\n                         <\/td>\n                    <\/tr>\n                    <tr style=\"background: white\">\n                         <td style=\"text-align: center;\" colspan=\"2\">\n                            <span style=\"padding:5px; font-size: 11px\">\n                                http:\/\/18.18.18.1\/login\n                            <\/span>\n                         <\/td>\n                    <\/tr>\n                    <tr>\n                        <td colspan=\"2\" style=\"background-color: white\">\n                            <table style=\"background-color: darkmagenta; width: 100%; border:none;\">\n                                <tr>\n                                    <td colspan=\"2\" style=\"text-align: center;\">\n                                        <span style=\"padding:5px; font-size: 11px\">\n                                            <b>Kode Voucher<\/b>\n                                        <\/span>\n                                    <\/td>\n                                    <!--<td style=\"text-align: center;\">\n                                        <span style=\"padding:5px; font-size: 11px\">\n                                            <b>Password<\/b>\n                                        <\/span>\n                                    <\/td>-->\n                                <\/tr>\n                                <tr style=\"background: white\">\n                                    <td style=\"text-align: center;\">\n                                        <span style=\"padding:5px; color: red;\">\n                                            %username%\n                                        <\/span>\n                                    <\/td>\n                                    <!--<td style=\"text-align: center;\">\n                                        <span style=\"padding:5px; color: red;\">\n                                            %password%\n                                        <\/span>\n                                    <\/td>-->\n                                <\/tr>\n                            <\/table>\n                        <\/td>\n                    <\/tr>\n                <\/table>\n            <\/td>\n            <!-- <td rowspan=\"3\" style=\"border-bottom:1px solid #ccc;background:#eee;\">\n                <span style=\"color:aliceblue;\" class=\"rotate\"><b>5000<\/b><\/span>\n            <\/td> -->\n        <\/tr>\n        <!-- <tr>\n            <td style=\"text-align: center\" colspan=\"2\">\n                <span style=\"padding:5px;font-size:9px;\">\n                    Ket: w=minggu, d=hari, h=jam, m=menit, s=detik\n                <\/span>\n            <\/td> -->\n        <tr style=\"border-bottom:1px solid #ccc;background:darkmagenta;\">\n            <td style=\"text-align: center\" colspan=\"2\">\n                <span style=\"color:aliceblue;\">\n                    \n                    Info Hub. <span style=\"color:aliceblue\">0852 9924 6363<\/span>\n                        <br>\n                        <hr style=\"margin-top: 0px; margin-bottom: 0px;border-bottom-width: 0px; border-top-width: 1px\">\n                        <span style=\"color:aliceblue; font-size: xx-small;-small;\">Support by <span style=\"color:aliceblue\">facebook.com\/r4hs4l (085398633968)<\/span>\n                    <\/span>\n                <\/span>\n            <\/td>\n        <\/tr>\n    <\/tbody>\n<\/table>\n\n\n\n\n<\/body>\n<\/html>"},"5":{"name":"PlanetGame-1Hari","value":"<!DOCTYPE html>\n<html>\n<head>\n    <title>teset<\/title>\n<\/head>\n<body>\n\n<style>\n\n.rotate {\n\n\/* Safari *\/\n-webkit-transform: rotate(90deg);\n\n\/* Firefox *\/\n-moz-transform: rotate(90deg);\n\n\/* IE *\/\n-ms-transform: rotate(90deg);\n\n\/* Opera *\/\n-o-transform: rotate(90deg);\n\nfloat: left;\n\n}\n<\/style>\n\n\n<table style=\"display: inline-block; border: 1px solid #ccc; font-family: arial; font-size: 10.5px; margin: 2px;\">\n    <tbody>\n        <tr style=\"border-bottom:1px solid #ccc;background:#ddd;\">\n            <td style=\"text-align: center; background: repeating-linear-gradient(45deg, black, transparent 100px)\" colspan=\"2\">\n                <span style=\"padding:10px;font-size:15px;color: orangered\"><b>** Planet Game Hotspot **<\/b><\/span>\n            <\/td>\n        <\/tr>\n        <tr>\n            <td>\n                <table style=\"background-color: repeating-linear-gradient(45deg, black, transparent 100px);\">\n                    <tr>\n                        <td>\n                            %qrcode%\n                        <\/td>\n                    <\/tr>\n                <\/table>\n            <\/td>\n            <td>\n                <table style=\"background-color: repeating-linear-gradient(45deg, black, transparent 100px);\">\n                    <tr style=\"background: white\">\n                        <td style=\"text-align: left;\">\n                            <span style=\"padding:5px; font-size: 11px\">\n                                <b>Voucher<\/b>\n                            <\/span>\n                        <\/td>\n                        <td style=\"text-align: right;\">\n                            <span style=\"padding:5px; font-size: 11px\">\n                                %validity%\n                            <\/span>\n                        <\/td>\n                    <\/tr>\n                    <tr style=\"background: white\">\n                         <td style=\"text-align: left;\">\n                            <span style=\"padding:5px; font-size: 11px\">\n                                <b>Expire<\/b>\n                            <\/span>\n                         <\/td>\n                         <td style=\"text-align: right;\">\n                            <span style=\"padding:5px; font-size: 11px\">\n                                1 Hari\n                            <\/span>\n                         <\/td>\n                    <\/tr>\n                    <tr style=\"background: white\">\n                         <td style=\"text-align: center;\" colspan=\"2\">\n                            <span style=\"padding:5px; font-size: 11px\">\n                                http:\/\/18.18.18.1\/login\n                            <\/span>\n                         <\/td>\n                    <\/tr>\n                    <tr>\n                        <td colspan=\"2\" style=\"background-color: white\">\n                            <table style=\"background-color: repeating-linear-gradient(45deg, black, transparent 100px); width: 100%; border:none;\">\n                                <tr>\n                                    <td colspan=\"2\" style=\"text-align: center;\">\n                                        <span style=\"padding:5px; font-size: 11px\">\n                                            <b>Kode Voucher<\/b>\n                                        <\/span>\n                                    <\/td>\n                                    <!--<td style=\"text-align: center;\">\n                                        <span style=\"padding:5px; font-size: 11px\">\n                                            <b>Password<\/b>\n                                        <\/span>\n                                    <\/td>-->\n                                <\/tr>\n                                <tr style=\"background: white\">\n                                    <td style=\"text-align: center;\">\n                                        <span style=\"padding:5px; color: red;\">\n                                            %username%\n                                        <\/span>\n                                    <\/td>\n                                    <!--<td style=\"text-align: center;\">\n                                        <span style=\"padding:5px; color: red;\">\n                                            %password%\n                                        <\/span>\n                                    <\/td>-->\n                                <\/tr>\n                            <\/table>\n                        <\/td>\n                    <\/tr>\n                <\/table>\n            <\/td>\n            <!-- <td rowspan=\"3\" style=\"border-bottom:1px solid #ccc;background:#eee;\">\n                <span style=\"color:darkorange;\" class=\"rotate\"><b>5000<\/b><\/span>\n            <\/td> -->\n        <\/tr>\n        <!-- <tr>\n            <td style=\"text-align: center\" colspan=\"2\">\n                <span style=\"padding:5px;font-size:9px;\">\n                    Ket: w=minggu, d=hari, h=jam, m=menit, s=detik\n                <\/span>\n            <\/td> -->\n        <tr style=\"border-bottom:1px solid #ccc;background:repeating-linear-gradient(45deg, black, transparent 100px);\">\n            <td style=\"text-align: center\" colspan=\"2\">\n                <span style=\"color:darkorange;\">\n                    \n                    Info Hub. <span style=\"color:darkorange\">0852 9924 6363<\/span>\n                        <br>\n                        <hr style=\"margin-top: 0px; margin-bottom: 0px;border-bottom-width: 0px; border-top-width: 1px\">\n                        <span style=\"color:darkorange; font-size: xx-small;-small;\">Support by <span style=\"color:darkorange\">facebook.com\/r4hs4l (085398633968)<\/span>\n                    <\/span>\n                <\/span>\n            <\/td>\n        <\/tr>\n    <\/tbody>\n<\/table>\n\n\n\n\n<\/body>\n<\/html>"},"6":{"name":"PlanetGame-2Hari","value":"<!DOCTYPE html>\n<html>\n<head>\n    <title>teset<\/title>\n<\/head>\n<body>\n\n<style>\n\n.rotate {\n\n\/* Safari *\/\n-webkit-transform: rotate(90deg);\n\n\/* Firefox *\/\n-moz-transform: rotate(90deg);\n\n\/* IE *\/\n-ms-transform: rotate(90deg);\n\n\/* Opera *\/\n-o-transform: rotate(90deg);\n\nfloat: left;\n\n}\n<\/style>\n\n\n<table style=\"display: inline-block; border: 1px solid #ccc; font-family: arial; font-size: 10.5px; margin: 2px;\">\n    <tbody>\n        <tr style=\"border-bottom:1px solid #ccc;background:#ddd;\">\n            <td style=\"text-align: center; background: repeating-linear-gradient(331deg, #169305, transparent 100px)\" colspan=\"2\">\n                <span style=\"padding:10px;font-size:15px;color: lightyellow\"><b>** Planet Game Hotspot **<\/b><\/span>\n            <\/td>\n        <\/tr>\n        <tr>\n            <td>\n                <table style=\"background-color: repeating-linear-gradient(331deg, #169305, transparent 100px);\">\n                    <tr>\n                        <td>\n                            %qrcode%\n                        <\/td>\n                    <\/tr>\n                <\/table>\n            <\/td>\n            <td>\n                <table style=\"background-color: repeating-linear-gradient(331deg, #169305, transparent 100px);\">\n                    <tr style=\"background: white\">\n                        <td style=\"text-align: left;\">\n                            <span style=\"padding:5px; font-size: 11px\">\n                                <b>Voucher<\/b>\n                            <\/span>\n                        <\/td>\n                        <td style=\"text-align: right;\">\n                            <span style=\"padding:5px; font-size: 11px\">\n                                %validity%\n                            <\/span>\n                        <\/td>\n                    <\/tr>\n                    <tr style=\"background: white\">\n                         <td style=\"text-align: left;\">\n                            <span style=\"padding:5px; font-size: 11px\">\n                                <b>Expire<\/b>\n                            <\/span>\n                         <\/td>\n                         <td style=\"text-align: right;\">\n                            <span style=\"padding:5px; font-size: 11px\">\n                                2 Hari\n                            <\/span>\n                         <\/td>\n                    <\/tr>\n                    <tr style=\"background: white\">\n                         <td style=\"text-align: center;\" colspan=\"2\">\n                            <span style=\"padding:5px; font-size: 11px\">\n                                http:\/\/18.18.18.1\/login\n                            <\/span>\n                         <\/td>\n                    <\/tr>\n                    <tr>\n                        <td colspan=\"2\" style=\"background-color: white\">\n                            <table style=\"background-color: repeating-linear-gradient(331deg, #169305, transparent 100px); width: 100%; border:none;\">\n                                <tr>\n                                    <td colspan=\"2\" style=\"text-align: center;\">\n                                        <span style=\"padding:5px; font-size: 11px\">\n                                            <b>Kode Voucher<\/b>\n                                        <\/span>\n                                    <\/td>\n                                    <!--<td style=\"text-align: center;\">\n                                        <span style=\"padding:5px; font-size: 11px\">\n                                            <b>Password<\/b>\n                                        <\/span>\n                                    <\/td>-->\n                                <\/tr>\n                                <tr style=\"background: white\">\n                                    <td style=\"text-align: center;\">\n                                        <span style=\"padding:5px; color: red;\">\n                                            %username%\n                                        <\/span>\n                                    <\/td>\n                                    <!--<td style=\"text-align: center;\">\n                                        <span style=\"padding:5px; color: red;\">\n                                            %password%\n                                        <\/span>\n                                    <\/td>-->\n                                <\/tr>\n                            <\/table>\n                        <\/td>\n                    <\/tr>\n                <\/table>\n            <\/td>\n            <!-- <td rowspan=\"3\" style=\"border-bottom:1px solid #ccc;background:#eee;\">\n                <span style=\"color:black;\" class=\"rotate\"><b>5000<\/b><\/span>\n            <\/td> -->\n        <\/tr>\n        <!-- <tr>\n            <td style=\"text-align: center\" colspan=\"2\">\n                <span style=\"padding:5px;font-size:9px;\">\n                    Ket: w=minggu, d=hari, h=jam, m=menit, s=detik\n                <\/span>\n            <\/td> -->\n        <tr style=\"border-bottom:1px solid #ccc;background:repeating-linear-gradient(331deg, #169305, transparent 100px);\">\n            <td style=\"text-align: center\" colspan=\"2\">\n                <span style=\"color:black;\">\n                    \n                    Info Hub. <span style=\"color:black\">0852 9924 6363<\/span>\n                        <br>\n                        <hr style=\"margin-top: 0px; margin-bottom: 0px;border-bottom-width: 0px; border-top-width: 1px\">\n                        <span style=\"color:black; font-size: xx-small;-small;\">Support by <span style=\"color:black\">facebook.com\/r4hs4l (085398633968)<\/span>\n                    <\/span>\n                <\/span>\n            <\/td>\n        <\/tr>\n    <\/tbody>\n<\/table>\n\n\n\n\n<\/body>\n<\/html>"},"8":{"name":"AinHotspot-1Hari","value":"<!DOCTYPE html>\n<html>\n<head>\n    <title>teset<\/title>\n<\/head>\n<body>\n\n<style>\n\n.rotate {\n\n\/* Safari *\/\n-webkit-transform: rotate(90deg);\n\n\/* Firefox *\/\n-moz-transform: rotate(90deg);\n\n\/* IE *\/\n-ms-transform: rotate(90deg);\n\n\/* Opera *\/\n-o-transform: rotate(90deg);\n\nfloat: left;\n\n}\n<\/style>\n\n\n<table style=\"display: inline-block; border: 1px solid #ccc; font-family: arial; font-size: 10.5px; margin: 2px;\">\n    <tbody>\n        <tr style=\"border-bottom:1px solid #ccc;background:#ddd;\">\n            <td style=\"text-align: center; background: repeating-linear-gradient(45deg, black, transparent 100px)\" colspan=\"2\">\n                <span style=\"padding:10px;font-size:15px;color: orangered\"><b>** AIN HOTSPOT **<\/b><\/span>\n            <\/td>\n        <\/tr>\n        <tr>\n            <td>\n                <table style=\"background-color: repeating-linear-gradient(45deg, black, transparent 100px);\">\n                    <tr>\n                        <td>\n                            %qrcode%\n                        <\/td>\n                    <\/tr>\n                <\/table>\n            <\/td>\n            <td>\n                <table style=\"background-color: repeating-linear-gradient(45deg, black, transparent 100px);\">\n                    <tr style=\"background: white\">\n                        <td style=\"text-align: left;\">\n                            <span style=\"padding:5px; font-size: 11px\">\n                                <b>Voucher<\/b>\n                            <\/span>\n                        <\/td>\n                        <td style=\"text-align: right;\">\n                            <span style=\"padding:5px; font-size: 11px\">\n                                %validity%\n                            <\/span>\n                        <\/td>\n                    <\/tr>\n                    <tr style=\"background: white\">\n                         <td style=\"text-align: left;\">\n                            <span style=\"padding:5px; font-size: 11px\">\n                                <b>Expire<\/b>\n                            <\/span>\n                         <\/td>\n                         <td style=\"text-align: right;\">\n                            <span style=\"padding:5px; font-size: 11px\">\n                                1 Hari\n                            <\/span>\n                         <\/td>\n                    <\/tr>\n                    <tr style=\"background: white\">\n                         <td style=\"text-align: center;\" colspan=\"2\">\n                            <span style=\"padding:5px; font-size: 11px\">\n                                http:\/\/19.19.19.1\/login\n                            <\/span>\n                         <\/td>\n                    <\/tr>\n                    <tr>\n                        <td colspan=\"2\" style=\"background-color: white\">\n                            <table style=\"background-color: repeating-linear-gradient(45deg, black, transparent 100px); width: 100%; border:none;\">\n                                <tr>\n                                    <td colspan=\"2\" style=\"text-align: center;\">\n                                        <span style=\"padding:5px; font-size: 11px\">\n                                            <b>Kode Voucher<\/b>\n                                        <\/span>\n                                    <\/td>\n                                    <!--<td style=\"text-align: center;\">\n                                        <span style=\"padding:5px; font-size: 11px\">\n                                            <b>Password<\/b>\n                                        <\/span>\n                                    <\/td>-->\n                                <\/tr>\n                                <tr style=\"background: white\">\n                                    <td style=\"text-align: center;\">\n                                        <span style=\"padding:5px; color: red;\">\n                                            %username%\n                                        <\/span>\n                                    <\/td>\n                                    <!--<td style=\"text-align: center;\">\n                                        <span style=\"padding:5px; color: red;\">\n                                            %password%\n                                        <\/span>\n                                    <\/td>-->\n                                <\/tr>\n                            <\/table>\n                        <\/td>\n                    <\/tr>\n                <\/table>\n            <\/td>\n            <!-- <td rowspan=\"3\" style=\"border-bottom:1px solid #ccc;background:#eee;\">\n                <span style=\"color:darkorange;\" class=\"rotate\"><b>5000<\/b><\/span>\n            <\/td> -->\n        <\/tr>\n        <!-- <tr>\n            <td style=\"text-align: center\" colspan=\"2\">\n                <span style=\"padding:5px;font-size:9px;\">\n                    Ket: w=minggu, d=hari, h=jam, m=menit, s=detik\n                <\/span>\n            <\/td> -->\n        <tr style=\"border-bottom:1px solid #ccc;background:repeating-linear-gradient(45deg, black, transparent 100px);\">\n            <td style=\"text-align: center\" colspan=\"2\">\n                <span style=\"color:darkorange;\">\n                    \n                    Info Hub. <span style=\"color:darkorange\">0822 9203 0107<\/span>\n                        <br>\n                        <hr style=\"margin-top: 0px; margin-bottom: 0px;border-bottom-width: 0px; border-top-width: 1px\">\n                        <span style=\"color:darkorange; font-size: xx-small;-small;\">Support by <span style=\"color:darkorange\">facebook.com\/r4hs4l (085398633968)<\/span>\n                    <\/span>\n                <\/span>\n            <\/td>\n        <\/tr>\n    <\/tbody>\n<\/table>\n\n\n\n\n<\/body>\n<\/html>"},"10":{"name":"Umum Per Hari","value":"<!DOCTYPE html>\n<html>\n<head>\n    <title>teset<\/title>\n<\/head>\n<body>\n\n<style>\n\n.rotate {\n\n\/* Safari *\/\n-webkit-transform: rotate(90deg);\n\n\/* Firefox *\/\n-moz-transform: rotate(90deg);\n\n\/* IE *\/\n-ms-transform: rotate(90deg);\n\n\/* Opera *\/\n-o-transform: rotate(90deg);\n\nfloat: left;\n\n}\n<\/style>\n\n\n<table style=\"display: inline-block; border: 1px solid #ccc; font-family: arial; font-size: 10.5px; margin: 2px;\">\n    <tbody>\n        <tr style=\"border-bottom:1px solid #ccc;background:#ddd;\">\n            <td style=\"text-align: center; background: repeating-linear-gradient(45deg, black, transparent 100px)\" colspan=\"2\">\n                <span style=\"padding:10px;font-size:15px;color: orangered\"><b>** Planet Game Hotspot **<\/b><\/span>\n            <\/td>\n        <\/tr>\n        <tr>\n            <td>\n                <table style=\"background-color: repeating-linear-gradient(45deg, black, transparent 100px);\">\n                    <tr>\n                        <td>\n                            %qrcode%\n                        <\/td>\n                    <\/tr>\n                <\/table>\n            <\/td>\n            <td>\n                <table style=\"background-color: repeating-linear-gradient(45deg, black, transparent 100px);\">\n                    <tr style=\"background: white\">\n                        <td style=\"text-align: left;\">\n                            <span style=\"padding:5px; font-size: 11px\">\n                                <b>Voucher<\/b>\n                            <\/span>\n                        <\/td>\n                        <td style=\"text-align: right;\">\n                            <span style=\"padding:5px; font-size: 11px\">\n                                %validity%\n                            <\/span>\n                        <\/td>\n                    <\/tr>\n                    <tr style=\"background: white\">\n                         <td style=\"text-align: left;\">\n                            <span style=\"padding:5px; font-size: 11px\">\n                                <b>Expire<\/b>\n                            <\/span>\n                         <\/td>\n                         <td style=\"text-align: right;\">\n                            <span style=\"padding:5px; font-size: 11px\">\n                                %validity%\n                            <\/span>\n                         <\/td>\n                    <\/tr>\n                    <tr style=\"background: white\">\n                         <td style=\"text-align: center;\" colspan=\"2\">\n                            <span style=\"padding:5px; font-size: 11px\">\n                                http:\/\/%host%\/login\n                            <\/span>\n                         <\/td>\n                    <\/tr>\n                    <tr>\n                        <td colspan=\"2\" style=\"background-color: white\">\n                            <table style=\"background-color: repeating-linear-gradient(45deg, black, transparent 100px); width: 100%; border:none;\">\n                                <tr>\n                                    <td colspan=\"2\" style=\"text-align: center;\">\n                                        <span style=\"padding:5px; font-size: 11px\">\n                                            <b>Kode Voucher<\/b>\n                                        <\/span>\n                                    <\/td>\n                                    <!--<td style=\"text-align: center;\">\n                                        <span style=\"padding:5px; font-size: 11px\">\n                                            <b>Password<\/b>\n                                        <\/span>\n                                    <\/td>-->\n                                <\/tr>\n                                <tr style=\"background: white\">\n                                    <td style=\"text-align: center;\">\n                                        <span style=\"padding:5px; color: red;\">\n                                            %username%\n                                        <\/span>\n                                    <\/td>\n                                    <!--<td style=\"text-align: center;\">\n                                        <span style=\"padding:5px; color: red;\">\n                                            %password%\n                                        <\/span>\n                                    <\/td>-->\n                                <\/tr>\n                            <\/table>\n                        <\/td>\n                    <\/tr>\n                <\/table>\n            <\/td>\n            <!-- <td rowspan=\"3\" style=\"border-bottom:1px solid #ccc;background:#eee;\">\n                <span style=\"color:darkorange;\" class=\"rotate\"><b>5000<\/b><\/span>\n            <\/td> -->\n        <\/tr>\n        <!-- <tr>\n            <td style=\"text-align: center\" colspan=\"2\">\n                <span style=\"padding:5px;font-size:9px;\">\n                    Ket: w=minggu, d=hari, h=jam, m=menit, s=detik\n                <\/span>\n            <\/td> -->\n        <tr style=\"border-bottom:1px solid #ccc;background:repeating-linear-gradient(45deg, black, transparent 100px);\">\n            <td style=\"text-align: center\" colspan=\"2\">\n                <span style=\"color:darkorange;\">\n                    \n<!--                    Info Hub. <span style=\"color:darkorange\">0852 9924 6363<\/span>\n                        <br> -->\n                        <hr style=\"margin-top: 0px; margin-bottom: 0px;border-bottom-width: 0px; border-top-width: 1px\">\n                        <span style=\"color:darkorange; font-size: xx-small;-small;\">Support by <span style=\"color:darkorange\">facebook.com\/r4hs4l (085398633968)<\/span>\n                    <\/span>\n                <\/span>\n            <\/td>\n        <\/tr>\n    <\/tbody>\n<\/table>\n\n\n\n\n<\/body>\n<\/html>"},"14":{"name":"Username + Password (Daily)","value":"<!DOCTYPE html>\n<html>\n<head>\n    <title>teset<\/title>\n<\/head>\n<body>\n\n<style>\n\n.rotate {\n\n\/* Safari *\/\n-webkit-transform: rotate(90deg);\n\n\/* Firefox *\/\n-moz-transform: rotate(90deg);\n\n\/* IE *\/\n-ms-transform: rotate(90deg);\n\n\/* Opera *\/\n-o-transform: rotate(90deg);\n\nfloat: left;\n\n}\n<\/style>\n\n\n<table style=\"display: inline-block; border: 1px solid #ccc; font-family: arial; font-size: 10.5px; margin: 2px;\">\n    <tbody>\n        <tr style=\"border-bottom:1px solid #ccc;background:#ddd;\">\n            <td style=\"text-align: center; background: repeating-linear-gradient(45deg, black, transparent 100px\" colspan=\"2\">\n                <span style=\"padding:10px;font-size:15px;color: #ff4500\"><b>** %price **<\/b><\/span>\n            <\/td>\n        <\/tr>\n        <tr>\n            <td>\n                <table style=\"background-color: repeating-linear-gradient(45deg, black, transparent 100px;\">\n                    <tr>\n                        <td>\n                            %qrcode%\n                        <\/td>\n                    <\/tr>\n                <\/table>\n            <\/td>\n            <td>\n                <table style=\"background-color: repeating-linear-gradient(45deg, black, transparent 100px;\">\n                    <tr style=\"background: white\">\n                        <td style=\"text-align: left;\">\n                            <span style=\"padding:5px; font-size: 11px\">\n                                <b>Voucher<\/b>\n                            <\/span>\n                        <\/td>\n                        <td style=\"text-align: right;\">\n                            <span style=\"padding:5px; font-size: 11px\">\n                                %validity%\n                            <\/span>\n                        <\/td>\n                    <\/tr>\n                    <tr style=\"background: white\">\n                         <td style=\"text-align: left;\">\n                            <span style=\"padding:5px; font-size: 11px\">\n                                <b>Expire<\/b>\n                            <\/span>\n                         <\/td>\n                         <td style=\"text-align: right;\">\n                            <span style=\"padding:5px; font-size: 11px\">\n                                %validity%\n                            <\/span>\n                         <\/td>\n                    <\/tr>\n                    <tr style=\"background: white\">\n                         <td style=\"text-align: center;\" colspan=\"2\">\n                            <span style=\"padding:5px; font-size: 11px\">\n                                http:\/\/%host%\/login\n                            <\/span>\n                         <\/td>\n                    <\/tr>\n                    <tr>\n                        <td colspan=\"2\" style=\"background-color: white\">\n                            <table style=\"background-color: repeating-linear-gradient(45deg, black, transparent 100px; width: 100%; border:none;\">\n                                <tr>\n                                    <td style=\"text-align: center;\">\n                                        <span style=\"padding:5px; font-size: 11px\">\n                                            <b>Username<\/b>\n                                        <\/span>\n                                    <\/td>\n                                    <td style=\"text-align: center;\">\n                                        <span style=\"padding:5px; font-size: 11px\">\n                                            <b>Password<\/b>\n                                        <\/span>\n                                    <\/td>\n                                <\/tr>\n                                <tr style=\"background: white\">\n                                    <td style=\"text-align: center;\">\n                                        <span style=\"padding:5px; color: red;\">\n                                            %username%\n                                        <\/span>\n                                    <\/td>\n                                    <td style=\"text-align: center;\">\n                                        <span style=\"padding:5px; color: red;\">\n                                            %password%\n                                        <\/span>\n                                    <\/td>\n                                <\/tr>\n                            <\/table>\n                        <\/td>\n                    <\/tr>\n                <\/table>\n            <\/td>\n            <!-- <td rowspan=\"3\" style=\"border-bottom:1px solid #ccc;background:#eee;\">\n                <span style=\"color:aliceblue;\" class=\"rotate\"><b>5000<\/b><\/span>\n            <\/td> -->\n        <\/tr>\n        <!-- <tr>\n            <td style=\"text-align: center\" colspan=\"2\">\n                <span style=\"padding:5px;font-size:9px;\">\n                    Ket: w=minggu, d=hari, h=jam, m=menit, s=detik\n                <\/span>\n            <\/td> -->\n        <tr style=\"border-bottom:1px solid #ccc;background:repeating-linear-gradient(45deg, black, transparent 100px);\">\n            <td style=\"text-align: center\" colspan=\"2\">\n                <span style=\"color:aliceblue;\">\n                    \n                    <!--Info Hub. <span style=\"color:#ff4500\">0853 9863 3968<\/span>\n                        <br> -->\n                        <hr style=\"margin-top: 0px; margin-bottom: 0px;border-bottom-width: 0px; border-top-width: 1px\">\n                        <span style=\"color:#ff4500; font-size: xx-small;-small;\">Support by <span style=\"color:#ff4500\">facebook.com\/r4hs4l (085398633968)<\/span>\n                    <\/span>\n                <\/span>\n            <\/td>\n        <\/tr>\n    <\/tbody>\n<\/table>\n\n\n\n\n<\/body>\n<\/html>"},"15":{"name":"Kode Voucher + Barcode (Daily)","value":"<!DOCTYPE html>\n<html>\n<head>\n    <title>teset<\/title>\n<\/head>\n<body>\n\n<style>\n\n.rotate {\n\n\/* Safari *\/\n-webkit-transform: rotate(90deg);\n\n\/* Firefox *\/\n-moz-transform: rotate(90deg);\n\n\/* IE *\/\n-ms-transform: rotate(90deg);\n\n\/* Opera *\/\n-o-transform: rotate(90deg);\n\nfloat: left;\n\n}\n<\/style>\n\n\n<table style=\"display: inline-block; border: 1px solid #ccc; font-family: arial; font-size: 10.5px; margin: 2px;\">\n    <tbody>\n        <tr style=\"border-bottom:1px solid #ccc;background:#ddd;\">\n            <td style=\"text-align: center; background: repeating-linear-gradient(45deg, black, transparent 100px)\" colspan=\"2\">\n                <span style=\"padding:10px;font-size:15px;color: orangered\"><b>** %price% **<\/b><\/span>\n            <\/td>\n        <\/tr>\n        <tr>\n            <td>\n                <table style=\"background-color: repeating-linear-gradient(45deg, black, transparent 100px);\">\n                    <tr>\n                        <td>\n                            %qrcode%\n                        <\/td>\n                    <\/tr>\n                <\/table>\n            <\/td>\n            <td>\n                <table style=\"background-color: repeating-linear-gradient(45deg, black, transparent 100px);\">\n                    <tr style=\"background: white\">\n                        <td style=\"text-align: left;\">\n                            <span style=\"padding:5px; font-size: 11px\">\n                                <b>Voucher<\/b>\n                            <\/span>\n                        <\/td>\n                        <td style=\"text-align: right;\">\n                            <span style=\"padding:5px; font-size: 11px\">\n                                %validity%\n                            <\/span>\n                        <\/td>\n                    <\/tr>\n                    <tr style=\"background: white\">\n                         <td style=\"text-align: left;\">\n                            <span style=\"padding:5px; font-size: 11px\">\n                                <b>Expire<\/b>\n                            <\/span>\n                         <\/td>\n                         <td style=\"text-align: right;\">\n                            <span style=\"padding:5px; font-size: 11px\">\n                                %validity%\n                            <\/span>\n                         <\/td>\n                    <\/tr>\n                    <tr style=\"background: white\">\n                         <td style=\"text-align: center;\" colspan=\"2\">\n                            <span style=\"padding:5px; font-size: 11px\">\n                                http:\/\/%host%\/login\n                            <\/span>\n                         <\/td>\n                    <\/tr>\n                    <tr>\n                        <td colspan=\"2\" style=\"background-color: white\">\n                            <table style=\"background-color: repeating-linear-gradient(45deg, black, transparent 100px); width: 100%; border:none;\">\n                                <tr>\n                                    <td colspan=\"2\" style=\"text-align: center;\">\n                                        <span style=\"padding:5px; font-size: 11px\">\n                                            <b>Kode Voucher<\/b>\n                                        <\/span>\n                                    <\/td>\n                                    <!--<td style=\"text-align: center;\">\n                                        <span style=\"padding:5px; font-size: 11px\">\n                                            <b>Password<\/b>\n                                        <\/span>\n                                    <\/td>-->\n                                <\/tr>\n                                <tr style=\"background: white\">\n                                    <td style=\"text-align: center;\">\n                                        <span style=\"padding:5px; color: red;\">\n                                            %username%\n                                        <\/span>\n                                    <\/td>\n                                    <!--<td style=\"text-align: center;\">\n                                        <span style=\"padding:5px; color: red;\">\n                                            %password%\n                                        <\/span>\n                                    <\/td>-->\n                                <\/tr>\n                            <\/table>\n                        <\/td>\n                    <\/tr>\n                <\/table>\n            <\/td>\n            <!-- <td rowspan=\"3\" style=\"border-bottom:1px solid #ccc;background:#eee;\">\n                <span style=\"color:darkorange;\" class=\"rotate\"><b>5000<\/b><\/span>\n            <\/td> -->\n        <\/tr>\n        <!-- <tr>\n            <td style=\"text-align: center\" colspan=\"2\">\n                <span style=\"padding:5px;font-size:9px;\">\n                    Ket: w=minggu, d=hari, h=jam, m=menit, s=detik\n                <\/span>\n            <\/td> -->\n        <tr style=\"border-bottom:1px solid #ccc;background:repeating-linear-gradient(45deg, black, transparent 100px);\">\n            <td style=\"text-align: center\" colspan=\"2\">\n                <span style=\"color:darkorange;\">\n                    \n<!--                    Info Hub. <span style=\"color:darkorange\">0852 9924 6363<\/span>\n                        <br> -->\n                        <hr style=\"margin-top: 0px; margin-bottom: 0px;border-bottom-width: 0px; border-top-width: 1px\">\n                        <span style=\"color:darkorange; font-size: xx-small;-small;\">Support by <span style=\"color:darkorange\">facebook.com\/r4hs4l (085398633968)<\/span>\n                    <\/span>\n                <\/span>\n            <\/td>\n        <\/tr>\n    <\/tbody>\n<\/table>\n\n\n\n\n<\/body>\n<\/html>"},"16":{"name":"Kode Voucher + Barcode (Daily)","value":"<!DOCTYPE html>\n<html>\n<head>\n    <title>teset<\/title>\n<\/head>\n<body>\n\n<style>\n\n.rotate {\n\n\/* Safari *\/\n-webkit-transform: rotate(90deg);\n\n\/* Firefox *\/\n-moz-transform: rotate(90deg);\n\n\/* IE *\/\n-ms-transform: rotate(90deg);\n\n\/* Opera *\/\n-o-transform: rotate(90deg);\n\nfloat: left;\n\n}\n<\/style>\n\n\n<table style=\"display: inline-block; border: 1px solid #ccc; font-family: arial; font-size: 10.5px; margin: 2px;\">\n    <tbody>\n        <tr style=\"border-bottom:1px solid #ccc;background:#ddd;\">\n            <td style=\"text-align: center; background: repeating-linear-gradient(45deg, black, transparent 100px\" colspan=\"2\">\n                <span style=\"padding:10px;font-size:15px;color: #ff4500\"><b>--= %price% =--<\/b><\/span>\n            <\/td>\n        <\/tr>\n        <tr>\n            \n            <td>\n                <table style=\"background-color: repeating-linear-gradient(45deg, black, transparent 100px;\">\n                    <tr style=\"background: white\">\n                        <td style=\"text-align: left;\">\n                            <span style=\"padding:5px; font-size: 11px\">\n                                <b>Voucher<\/b>\n                            <\/span>\n                        <\/td>\n                        <td style=\"text-align: right;\">\n                            <span style=\"padding:5px; font-size: 11px\">\n                                %validity%\n                            <\/span>\n                        <\/td>\n                    <\/tr>\n                    <tr style=\"background: white\">\n                         <td style=\"text-align: left;\">\n                            <span style=\"padding:5px; font-size: 11px\">\n                                <b>Expire<\/b>\n                            <\/span>\n                         <\/td>\n                         <td style=\"text-align: right;\">\n                            <span style=\"padding:5px; font-size: 11px\">\n                                %validity%\n                            <\/span>\n                         <\/td>\n                    <\/tr>\n                    <tr style=\"background: white\">\n                         <td style=\"text-align: center;\" colspan=\"2\">\n                            <span style=\"padding:5px; font-size: 11px\">\n                                http:\/\/%host%\/login\n                            <\/span>\n                         <\/td>\n                    <\/tr>\n                    <tr>\n                        <td colspan=\"2\" style=\"background-color: white\">\n                            <table style=\"background-color: repeating-linear-gradient(45deg, black, transparent 100px; width: 100%; border:none;\">\n                                <tr>\n                                    <td colspan=\"2\" style=\"text-align: center;\">\n                                        <span style=\"padding:5px; font-size: 11px\">\n                                            <b>Kode Voucher<\/b>\n                                        <\/span>\n                                    <\/td>\n                                    <!--<td style=\"text-align: center;\">\n                                        <span style=\"padding:5px; font-size: 11px\">\n                                            <b>Password<\/b>\n                                        <\/span>\n                                    <\/td>-->\n                                <\/tr>\n                                <tr style=\"background: white\">\n                                    <td style=\"text-align: center;\">\n                                        <span style=\"padding:5px; color: red;\">\n                                            %username%\n                                        <\/span>\n                                    <\/td>\n                                    <!--<td style=\"text-align: center;\">\n                                        <span style=\"padding:5px; color: red;\">\n                                            %password%\n                                        <\/span>\n                                    <\/td>-->\n                                <\/tr>\n                            <\/table>\n                        <\/td>\n                    <\/tr>\n                <\/table>\n            <\/td>\n            <td>\n                <table style=\"background-color: repeating-linear-gradient(45deg, black, transparent 100px;\">\n                    <tr>\n                        <td>\n                            %qrcode%\n                        <\/td>\n                    <\/tr>\n                <\/table>\n            <\/td>\n\n            <!-- <td rowspan=\"3\" style=\"border-bottom:1px solid #ccc;background:#eee;\">\n                <span style=\"color:aliceblue;\" class=\"rotate\"><b>5000<\/b><\/span>\n            <\/td> -->\n        <\/tr>\n        <!-- <tr>\n            <td style=\"text-align: center\" colspan=\"2\">\n                <span style=\"padding:5px;font-size:9px;\">\n                    Ket: w=minggu, d=hari, h=jam, m=menit, s=detik\n                <\/span>\n            <\/td> -->\n        <tr style=\"border-bottom:1px solid #ccc;background:repeating-linear-gradient(45deg, black, transparent 100px;\">\n            <td style=\"text-align: center\" colspan=\"2\">\n                <span style=\"color:aliceblue; background:repeating-linear-gradient(45deg, black, transparent 100px)\">\n                    \n                    <!--Info Hub. <span style=\"color:#ff4500\">0853 9863 3968<\/span>\n                        <br> -->\n                        <hr style=\"margin-top: 0px; margin-bottom: 0px;border-bottom-width: 0px; border-top-width: 1px\">\n                        <span style=\"color:#ff4500; font-size: xx-small;-small;\">Support by <span style=\"color:#ff4500\">facebook.com\/r4hs4l (085398633968)<\/span>\n                <\/span>\n            <\/td>\n        <\/tr>\n    <\/tbody>\n<\/table>\n\n\n\n\n<\/body>\n<\/html>"},"17":{"name":"Kode Voucher (Daily)","value":"<!DOCTYPE html>\n<html>\n<head>\n    <title>teset<\/title>\n<\/head>\n<body>\n\n<style>\n\n.rotate {\n\n\/* Safari *\/\n-webkit-transform: rotate(90deg);\n\n\/* Firefox *\/\n-moz-transform: rotate(90deg);\n\n\/* IE *\/\n-ms-transform: rotate(90deg);\n\n\/* Opera *\/\n-o-transform: rotate(90deg);\n\nfloat: left;\n\n}\n<\/style>\n\n\n<table style=\"display: inline-block; border: 1px solid #ccc; font-family: arial; font-size: 10.5px; margin: 2px;\">\n    <tbody>\n        <tr style=\"border-bottom:1px solid #ccc;background:#ddd;\">\n            <td style=\"text-align: center; background: repeating-linear-gradient(45deg, black, transparent 100px)\">\n                <span style=\"padding:10px;font-size:15px;color: #ff4500\"><b>--= %price% =--<\/b><\/span>\n            <\/td>\n        <\/tr>\n        <tr>\n            \n            <td>\n                <table style=\"background-color: repeating-linear-gradient(45deg, black, transparent 100px);\">\n                    <tr style=\"background: white\">\n                        <td style=\"text-align: left;\">\n                            <span style=\"padding:5px; font-size: 11px\">\n                                <b>Voucher<\/b>\n                            <\/span>\n                        <\/td>\n                        <td style=\"text-align: right;\">\n                            <span style=\"padding:5px; font-size: 11px\">\n                                %validity%\n                            <\/span>\n                        <\/td>\n                    <\/tr>\n                    <tr style=\"background: white\">\n                         <td style=\"text-align: left;\">\n                            <span style=\"padding:5px; font-size: 11px\">\n                                <b>Expire<\/b>\n                            <\/span>\n                         <\/td>\n                         <td style=\"text-align: right;\">\n                            <span style=\"padding:5px; font-size: 11px\">\n                                %validity%\n                            <\/span>\n                         <\/td>\n                    <\/tr>\n                    <tr style=\"background: white\">\n                        <td style=\"text-align: left;\">\n                            <span style=\"padding:5px; font-size: 11px\">\n                                <b>Login<\/b>\n                            <\/span>\n                         <\/td>\n                         <td style=\"text-align: center;\">\n                            <span style=\"padding:5px; font-size: 11px\">\n                                http:\/\/%host%\/login\n                            <\/span>\n                         <\/td>\n                    <\/tr>\n                    \n                <\/table>\n            <\/td>\n            <!--<td>\n                <table style=\"background-color: repeating-linear-gradient(45deg, black, transparent 100px);\">\n                    <tr>\n                        <td>\n                            %qrcode%\n                        <\/td>\n                    <\/tr>\n                <\/table>\n            <\/td>-->\n\n            <!-- <td rowspan=\"3\" style=\"border-bottom:1px solid #ccc;background:#eee;\">\n                <span style=\"color:#ff4500;\" class=\"rotate\"><b>5000<\/b><\/span>\n            <\/td> -->\n        <\/tr>\n        <tr>    \n                        <td style=\"background-color: white\">\n                            <table style=\"background-color: repeating-linear-gradient(45deg, black, transparent 100px); width: 100%; border:none;\">\n                                <tr>\n                                    <td style=\"text-align: center;\">\n                                        <span style=\"padding:5px; font-size: 11px\">\n                                            <b>Kode Voucher<\/b>\n                                        <\/span>\n                                    <\/td>\n                                    <!--<td style=\"text-align: center;\">\n                                        <span style=\"padding:5px; font-size: 11px\">\n                                            <b>Password<\/b>\n                                        <\/span>\n                                    <\/td>-->\n                                <\/tr>\n                                <tr style=\"background: white\">\n                                    <td style=\"text-align: center;\">\n                                        <span style=\"padding:5px; color: red;\">\n                                            %username%\n                                        <\/span>\n                                    <\/td>\n                                    <!--<td style=\"text-align: center;\">\n                                        <span style=\"padding:5px; color: red;\">\n                                            %password%\n                                        <\/span>\n                                    <\/td>-->\n                                <\/tr>\n                            <\/table>\n                        <\/td>\n                    <\/tr>\n        <!-- <tr>\n            <td style=\"text-align: center\" colspan=\"2\">\n                <span style=\"padding:5px;font-size:9px;\">\n                    Ket: w=minggu, d=hari, h=jam, m=menit, s=detik\n                <\/span>\n            <\/td> -->\n        <tr style=\"border-bottom:1px solid #ccc;background:repeating-linear-gradient(45deg, black, transparent 100px);\">\n            <td style=\"text-align: center\">\n                <span style=\"color:#ff4500;\">\n                    \n                    <!--Info Hub. <span style=\"color:#ff4500\">0853 9863 3968<\/span>\n                        <br> -->\n                        <hr style=\"margin-top: 0px; margin-bottom: 0px;border-bottom-width: 0px; border-top-width: 1px\">\n                        <span style=\"color:#ff4500; font-size: xx-small;-small;\">Support by <span style=\"color:#ff4500\">facebook.com\/r4hs4l (085398633968)<\/span>\n                    <\/span>\n                <\/span>\n            <\/td>\n        <\/tr>\n    <\/tbody>\n<\/table>\n\n\n\n\n<\/body>\n<\/html>"}}